{"is_source_file": false, "format": "<HTML>", "description": "This is an HTML file defining the front-end user interface for a database viewer web application, including styling, layout, and client-side JavaScript logic for interacting with backend APIs.", "external_files": ["/api/databases", "/api/{db}/tables", "/api/{db}/tables/{tableName}/data"], "external_methods": ["fetch"], "published": [], "classes": [], "methods": [], "calls": ["fetchData('/api/databases')", "fetchData(`/api/${db}/tables`)", "fetchData(`/api/${db}/tables/${tableName}/data?limit=50`)", "showLoading()", "showError()", "showEmptyState()", "setActiveState()", "renderTable()", "expandCell()", "loadDatabases()", "loadTables()", "loadTableData()", "refreshDatabases()", "toggleDatabase()"], "search-terms": ["HTML layout", "CSS styling", "JavaScript fetch API", "database viewer", "client-side table rendering", "interactive table", "dynamic database list"], "state": 2, "file_id": 3, "knowledge_revision": 13, "git_revision": "69f9f3a01810483007f22a58af81075b895793e8", "hash": "ee63333a4841bf025439c755a74c9881", "format-version": 4, "code-base-name": "database", "filename": "database/db_visualizer/public/index.html", "revision_history": [{"13": "69f9f3a01810483007f22a58af81075b895793e8"}]}