{"is_source_file": true, "format": "bash", "description": "This script automates the detection and backup of various database systems (SQLite, PostgreSQL, MySQL, MongoDB). It checks for the presence of each database type and performs the appropriate backup command, saving the backup to a file.", "external_files": ["/usr/lib/postgresql/", "/var/run/mysqld/mysqld.sock"], "external_methods": ["ls", "cp", "sudo -u postgres pg_isready", "pg_dump", "mysqladmin ping", "mysql", "mysqldump", "mongosh", "mongodump"], "published": [], "classes": [], "methods": [], "calls": ["ls", "cp", "sudo -u postgres pg_isready", "pg_dump", "mysqladmin ping", "mysql", "mysqldump", "mongosh", "mongodump"], "search-terms": ["backup_db.sh", "database backup script", "SQLite backup", "PostgreSQL backup", "MySQL backup", "MongoDB backup", "database detection", "mysqldump", "mongodump"], "state": 2, "file_id": 6, "knowledge_revision": 14, "git_revision": "69f9f3a01810483007f22a58af81075b895793e8", "hash": "d7da372b768c895a33088027314656c3", "format-version": 4, "code-base-name": "database", "filename": "database/backup_db.sh", "revision_history": [{"14": "69f9f3a01810483007f22a58af81075b895793e8"}]}