{"is_source_file": true, "format": "bash script", "description": "This is a shell script designed to detect the type of database backup files present and restore the respective database accordingly. It handles SQLite, PostgreSQL, MySQL, and MongoDB backups, executing the appropriate restore commands for each type based on the backup file detected.", "external_files": ["database_backup.db", "database_backup.sql", "database_backup.archive"], "external_methods": ["ls", "cp", "sudo -u postgres pg_isready", "psql", "mysqladmin", "mysql", "mongosh", "mongorestore"], "published": [], "classes": [], "methods": [], "calls": ["ls /usr/lib/postgresql/", "sudo -u postgres pg_isready", "psql", "mysqladmin ping", "mysql", "mongosh --eval 'db.adminCommand(\\'ping\\')'", "mongorestore"], "search-terms": ["restore_db.sh", "database restore script", "SQLite restore", "PostgreSQL restore", "MySQL restore", "MongoDB restore", "backup detection", "database restore commands"], "state": 2, "file_id": 7, "knowledge_revision": 15, "git_revision": "69f9f3a01810483007f22a58af81075b895793e8", "hash": "d42c3e6cbc3bbd627e3c08afcf4183ec", "format-version": 4, "code-base-name": "database", "filename": "database/restore_db.sh", "revision_history": [{"15": "69f9f3a01810483007f22a58af81075b895793e8"}]}